Asset,Target,Group,Freq,Horizon,ControlSet,Method,Type,RMSE,MAE,MAPE,R2
WTI Oil,WTI_oil,A,D,1,Heuristic-Z,CausalImpact,Causal,1.965191,1.303985,160692289.0957,-0.0871
WTI Oil,WTI_oil,A,D,1,Heuristic-Z,DML,Causal,2.00441,1.329017,138105109.4906,-0.1295
WTI Oil,WTI_oil,A,D,1,Heuristic-Z,VAR+Granger,Causal,1.928917,1.293924,143462106.0299,-0.0478
WTI Oil,WTI_oil,A,D,1,Heuristic-Z,IV-2SLS,Causal,1.875771,1.252738,47948193.1368,0.0096
WTI Oil,WTI_oil,A,D,5,Heuristic-Z,CausalImpact,Causal,1.879471,1.280973,339893947.4138,0.0069
WTI Oil,WTI_oil,A,D,5,Heuristic-Z,DML,Causal,2.078088,1.340803,616299749.9093,-0.2141
WTI Oil,WTI_oil,A,D,5,Heuristic-Z,VAR+Granger,Causal,1.875442,1.254999,16899042.2675,0.0095
WTI Oil,WTI_oil,A,D,5,Heuristic-Z,IV-2SLS,Causal,1.888587,1.258214,105923913.8375,-0.0028
WTI Oil,WTI_oil,A,D,21,Heuristic-Z,CausalImpact,Causal,1.8828,1.266447,114499503.6922,0.0063
WTI Oil,WTI_oil,A,D,21,Heuristic-Z,DML,Causal,1.892661,1.272033,187013592.2458,-0.003
WTI Oil,WTI_oil,A,D,21,Heuristic-Z,VAR+Granger,Causal,1.884422,1.254076,770612.143,-0.0
WTI Oil,WTI_oil,A,D,21,Heuristic-Z,IV-2SLS,Causal,1.884507,1.256923,45954574.1725,0.0045
WTI Oil,WTI_oil,A,D,1,Expert-DAG,CausalImpact,Causal,1.929098,1.290155,162370272.6698,-0.0475
WTI Oil,WTI_oil,A,D,1,Expert-DAG,DML,Causal,2.059159,1.358489,78307337.2383,-0.1921
WTI Oil,WTI_oil,A,D,1,Expert-DAG,VAR+Granger,Causal,1.906326,1.27141,137719604.3818,-0.0234
WTI Oil,WTI_oil,A,D,1,Expert-DAG,IV-2SLS,Causal,1.878572,1.25353,46354726.6329,0.0067
WTI Oil,WTI_oil,A,D,5,Expert-DAG,CausalImpact,Causal,1.880274,1.264173,125012874.9492,0.006
WTI Oil,WTI_oil,A,D,5,Expert-DAG,DML,Causal,1.981507,1.298916,70964804.7651,-0.1039
WTI Oil,WTI_oil,A,D,5,Expert-DAG,VAR+Granger,Causal,1.872344,1.25541,52524972.501,0.0128
WTI Oil,WTI_oil,A,D,5,Expert-DAG,IV-2SLS,Causal,1.888664,1.25559,112271185.854,-0.0028
WTI Oil,WTI_oil,A,D,21,Expert-DAG,CausalImpact,Causal,1.901553,1.281814,142841373.5787,-0.0136
WTI Oil,WTI_oil,A,D,21,Expert-DAG,DML,Causal,1.940998,1.30448,33291989.7896,-0.0548
WTI Oil,WTI_oil,A,D,21,Expert-DAG,VAR+Granger,Causal,1.884744,1.254772,18425318.6723,-0.0004
WTI Oil,WTI_oil,A,D,21,Expert-DAG,IV-2SLS,Causal,1.886692,1.258487,41403344.8859,0.0022
WTI Oil,WTI_oil,A,D,1,PC-DAG,CausalImpact,Causal,1.984557,1.311218,127735542.9357,-0.1086
WTI Oil,WTI_oil,A,D,1,PC-DAG,DML,Causal,2.407301,1.424056,99018629.7253,-0.6292
WTI Oil,WTI_oil,A,D,1,PC-DAG,VAR+Granger,Causal,1.912742,1.277852,145694189.7762,-0.0303
WTI Oil,WTI_oil,A,D,1,PC-DAG,IV-2SLS,Causal,1.880025,1.25333,57870553.3528,0.0051
WTI Oil,WTI_oil,A,D,5,PC-DAG,CausalImpact,Causal,1.903419,1.285822,317099363.5663,-0.0186
WTI Oil,WTI_oil,A,D,5,PC-DAG,DML,Causal,2.067318,1.305093,106358378.3581,-0.2015
WTI Oil,WTI_oil,A,D,5,PC-DAG,VAR+Granger,Causal,1.870841,1.251312,21748785.9608,0.0143
WTI Oil,WTI_oil,A,D,5,PC-DAG,IV-2SLS,Causal,1.887964,1.256186,117929906.563,-0.0021
WTI Oil,WTI_oil,A,D,21,PC-DAG,CausalImpact,Causal,1.89712,1.27334,118140424.1209,-0.0089
WTI Oil,WTI_oil,A,D,21,PC-DAG,DML,Causal,1.935433,1.294143,96454315.3166,-0.0488
WTI Oil,WTI_oil,A,D,21,PC-DAG,VAR+Granger,Causal,1.884419,1.254057,496495.1263,-0.0
WTI Oil,WTI_oil,A,D,21,PC-DAG,IV-2SLS,Causal,1.885958,1.258857,49026676.3195,0.0029
Nat.Gas,NatGas,A,D,1,Heuristic-Z,CausalImpact,Causal,0.266725,0.154969,5.1104,0.8731
Nat.Gas,NatGas,A,D,1,Heuristic-Z,DML,Causal,0.267868,0.160164,5.2943,0.872
Nat.Gas,NatGas,A,D,1,Heuristic-Z,VAR+Granger,Causal,0.200619,0.111468,3.6984,0.9281
Nat.Gas,NatGas,A,D,1,Heuristic-Z,IV-2SLS,Causal,0.267236,0.155304,5.1161,0.8726
Nat.Gas,NatGas,A,D,5,Heuristic-Z,CausalImpact,Causal,0.463435,0.278588,9.1267,0.6169
Nat.Gas,NatGas,A,D,5,Heuristic-Z,DML,Causal,0.493014,0.29049,9.4227,0.5664
Nat.Gas,NatGas,A,D,5,Heuristic-Z,VAR+Granger,Causal,0.204987,0.120483,4.0593,0.925
Nat.Gas,NatGas,A,D,5,Heuristic-Z,IV-2SLS,Causal,0.453203,0.274746,8.9935,0.6336
Nat.Gas,NatGas,A,D,21,Heuristic-Z,CausalImpact,Causal,0.680238,0.466782,16.2645,0.177
Nat.Gas,NatGas,A,D,21,Heuristic-Z,DML,Causal,0.768047,0.54822,19.0114,-0.0485
Nat.Gas,NatGas,A,D,21,Heuristic-Z,VAR+Granger,Causal,0.219264,0.145311,5.203,0.9142
Nat.Gas,NatGas,A,D,21,Heuristic-Z,IV-2SLS,Causal,0.640429,0.440043,15.3998,0.2705
Nat.Gas,NatGas,A,D,1,Expert-DAG,CausalImpact,Causal,0.266299,0.154999,5.1133,0.8735
Nat.Gas,NatGas,A,D,1,Expert-DAG,DML,Causal,0.268532,0.160154,5.2728,0.8714
Nat.Gas,NatGas,A,D,1,Expert-DAG,VAR+Granger,Causal,0.200619,0.111468,3.6984,0.9281
Nat.Gas,NatGas,A,D,1,Expert-DAG,IV-2SLS,Causal,0.267236,0.155304,5.1161,0.8726
Nat.Gas,NatGas,A,D,5,Expert-DAG,CausalImpact,Causal,0.462918,0.278125,9.1234,0.6177
Nat.Gas,NatGas,A,D,5,Expert-DAG,DML,Causal,0.490548,0.289055,9.3975,0.5708
Nat.Gas,NatGas,A,D,5,Expert-DAG,VAR+Granger,Causal,0.204987,0.120483,4.0593,0.925
Nat.Gas,NatGas,A,D,5,Expert-DAG,IV-2SLS,Causal,0.453203,0.274746,8.9935,0.6336
Nat.Gas,NatGas,A,D,21,Expert-DAG,CausalImpact,Causal,0.676038,0.464868,16.2108,0.1872
Nat.Gas,NatGas,A,D,21,Expert-DAG,DML,Causal,0.768807,0.55063,19.0615,-0.0505
Nat.Gas,NatGas,A,D,21,Expert-DAG,VAR+Granger,Causal,0.219264,0.145311,5.203,0.9142
Nat.Gas,NatGas,A,D,21,Expert-DAG,IV-2SLS,Causal,0.640429,0.440043,15.3998,0.2705
Nat.Gas,NatGas,A,D,1,PC-DAG,CausalImpact,Causal,0.268039,0.155428,5.1219,0.8718
Nat.Gas,NatGas,A,D,1,PC-DAG,DML,Causal,0.270373,0.161363,5.278,0.8696
Nat.Gas,NatGas,A,D,1,PC-DAG,VAR+Granger,Causal,0.200619,0.111468,3.6984,0.9281
Nat.Gas,NatGas,A,D,1,PC-DAG,IV-2SLS,Causal,0.268073,0.156958,5.1815,0.8718
Nat.Gas,NatGas,A,D,5,PC-DAG,CausalImpact,Causal,0.45377,0.275704,9.0274,0.6327
Nat.Gas,NatGas,A,D,5,PC-DAG,DML,Causal,0.456983,0.282972,9.2047,0.6275
Nat.Gas,NatGas,A,D,5,PC-DAG,VAR+Granger,Causal,0.204987,0.120483,4.0593,0.925
Nat.Gas,NatGas,A,D,5,PC-DAG,IV-2SLS,Causal,0.459009,0.279689,9.1692,0.6242
Nat.Gas,NatGas,A,D,21,PC-DAG,CausalImpact,Causal,0.67267,0.460227,16.0611,0.1952
Nat.Gas,NatGas,A,D,21,PC-DAG,DML,Causal,0.694803,0.485291,16.9527,0.142
Nat.Gas,NatGas,A,D,21,PC-DAG,VAR+Granger,Causal,0.219264,0.145311,5.203,0.9142
Nat.Gas,NatGas,A,D,21,PC-DAG,IV-2SLS,Causal,0.646978,0.444074,15.6665,0.2555
Gold,Gold,A,D,1,Heuristic-Z,CausalImpact,Causal,47.783868,27.130632,677565802.5065,-0.0257
Gold,Gold,A,D,1,Heuristic-Z,DML,Causal,48.116027,27.767763,3548559589.2596,-0.0389
Gold,Gold,A,D,1,Heuristic-Z,VAR+Granger,Causal,47.253002,26.889167,688158964.9061,-0.004
Gold,Gold,A,D,1,Heuristic-Z,IV-2SLS,Causal,47.260956,26.781726,389384761.5173,-0.0034
Gold,Gold,A,D,5,Heuristic-Z,CausalImpact,Causal,47.178959,26.808826,504360006.3217,0.0012
Gold,Gold,A,D,5,Heuristic-Z,DML,Causal,48.160957,27.190792,747184044.5345,-0.0408
Gold,Gold,A,D,5,Heuristic-Z,VAR+Granger,Causal,47.26841,26.702416,49496165.7667,-0.0047
Gold,Gold,A,D,5,Heuristic-Z,IV-2SLS,Causal,47.272909,26.730411,444203580.261,-0.0028
Gold,Gold,A,D,21,Heuristic-Z,CausalImpact,Causal,47.403066,26.961241,603634640.7493,-0.0047
Gold,Gold,A,D,21,Heuristic-Z,DML,Causal,47.404416,27.233865,1503671705.488,-0.0036
Gold,Gold,A,D,21,Heuristic-Z,VAR+Granger,Causal,47.280735,26.687542,55159795.4006,-0.0052
Gold,Gold,A,D,21,Heuristic-Z,IV-2SLS,Causal,47.377812,26.784816,320503858.5188,-0.0037
Gold,Gold,A,D,1,Expert-DAG,CausalImpact,Causal,47.523062,26.979528,594005745.9447,-0.0145
Gold,Gold,A,D,1,Expert-DAG,DML,Causal,48.368977,27.854297,1265549460.6394,-0.0498
Gold,Gold,A,D,1,Expert-DAG,VAR+Granger,Causal,47.203213,26.915783,582987962.279,-0.0019
Gold,Gold,A,D,1,Expert-DAG,IV-2SLS,Causal,47.260956,26.781726,389384761.5173,-0.0034
Gold,Gold,A,D,5,Expert-DAG,CausalImpact,Causal,47.275133,26.764966,475653796.8711,-0.0029
Gold,Gold,A,D,5,Expert-DAG,DML,Causal,48.127877,27.179522,572130721.5748,-0.0394
Gold,Gold,A,D,5,Expert-DAG,VAR+Granger,Causal,47.095325,26.766944,190419838.3788,0.0026
Gold,Gold,A,D,5,Expert-DAG,IV-2SLS,Causal,47.272909,26.730411,444203580.261,-0.0028
Gold,Gold,A,D,21,Expert-DAG,CausalImpact,Causal,47.543363,26.892773,359238518.7975,-0.0107
Gold,Gold,A,D,21,Expert-DAG,DML,Causal,47.413044,27.177197,415841491.9001,-0.0039
Gold,Gold,A,D,21,Expert-DAG,VAR+Granger,Causal,47.288138,26.695951,48945694.1717,-0.0055
Gold,Gold,A,D,21,Expert-DAG,IV-2SLS,Causal,47.377812,26.784816,320503858.5188,-0.0037
Gold,Gold,A,D,1,PC-DAG,CausalImpact,Causal,47.583369,27.086158,511321886.3229,-0.0171
Gold,Gold,A,D,1,PC-DAG,DML,Causal,48.986455,28.16915,2812354684.6003,-0.0768
Gold,Gold,A,D,1,PC-DAG,VAR+Granger,Causal,47.201723,26.928847,546696764.4763,-0.0019
Gold,Gold,A,D,1,PC-DAG,IV-2SLS,Causal,47.260956,26.781726,389384761.5173,-0.0034
Gold,Gold,A,D,5,PC-DAG,CausalImpact,Causal,47.288881,26.843144,652266337.3732,-0.0034
Gold,Gold,A,D,5,PC-DAG,DML,Causal,48.289655,27.305636,379454905.8048,-0.0464
Gold,Gold,A,D,5,PC-DAG,VAR+Granger,Causal,47.078983,26.761393,225498425.719,0.0033
Gold,Gold,A,D,5,PC-DAG,IV-2SLS,Causal,47.272909,26.730411,444203580.261,-0.0028
Gold,Gold,A,D,21,PC-DAG,CausalImpact,Causal,47.46403,26.972078,660477792.4638,-0.0073
Gold,Gold,A,D,21,PC-DAG,DML,Causal,47.362533,27.154779,625981776.9711,-0.0018
Gold,Gold,A,D,21,PC-DAG,VAR+Granger,Causal,47.280676,26.686299,52003758.8574,-0.0052
Gold,Gold,A,D,21,PC-DAG,IV-2SLS,Causal,47.377812,26.784816,320503858.5188,-0.0037
EUR/USD,EURUSD,B,D,1,Heuristic-Z,CausalImpact,Causal,0.004994,0.003703,80064.7001,-0.0261
EUR/USD,EURUSD,B,D,1,Heuristic-Z,DML,Causal,0.005004,0.003719,230191.3361,-0.029
EUR/USD,EURUSD,B,D,1,Heuristic-Z,VAR+Granger,Causal,0.004977,0.0037,92484.4978,-0.0196
EUR/USD,EURUSD,B,D,1,Heuristic-Z,IV-2SLS,Causal,0.004692,0.003496,225765.1653,0.0944
EUR/USD,EURUSD,B,D,5,Heuristic-Z,CausalImpact,Causal,0.004981,0.003688,452517.0099,-0.0197
EUR/USD,EURUSD,B,D,5,Heuristic-Z,DML,Causal,0.004992,0.003698,1146809.879,-0.0243
EUR/USD,EURUSD,B,D,5,Heuristic-Z,VAR+Granger,Causal,0.004931,0.003671,51451.6678,-0.0007
EUR/USD,EURUSD,B,D,5,Heuristic-Z,IV-2SLS,Causal,0.004972,0.003694,348005.1227,-0.016
EUR/USD,EURUSD,B,D,21,Heuristic-Z,CausalImpact,Causal,0.005008,0.003712,216949.1092,-0.028
EUR/USD,EURUSD,B,D,21,Heuristic-Z,DML,Causal,0.005469,0.004047,2211384.3668,-0.2249
EUR/USD,EURUSD,B,D,21,Heuristic-Z,VAR+Granger,Causal,0.004931,0.00367,47795.8576,-0.0011
EUR/USD,EURUSD,B,D,21,Heuristic-Z,IV-2SLS,Causal,0.004957,0.003682,174614.4215,-0.0071
EUR/USD,EURUSD,B,D,1,Expert-DAG,CausalImpact,Causal,0.005012,0.003755,688319.4152,-0.0334
EUR/USD,EURUSD,B,D,1,Expert-DAG,DML,Causal,0.004919,0.003689,744996.8287,0.0058
EUR/USD,EURUSD,B,D,1,Expert-DAG,VAR+Granger,Causal,0.006109,0.004313,1007466.1212,-0.5363
EUR/USD,EURUSD,B,D,1,Expert-DAG,IV-2SLS,Causal,0.004692,0.003496,225765.1653,0.0944
EUR/USD,EURUSD,B,D,5,Expert-DAG,CausalImpact,Causal,0.00508,0.003697,561522.8101,-0.0604
EUR/USD,EURUSD,B,D,5,Expert-DAG,DML,Causal,0.005433,0.003983,1056871.0891,-0.2132
EUR/USD,EURUSD,B,D,5,Expert-DAG,VAR+Granger,Causal,0.005006,0.003748,293822.0432,-0.0316
EUR/USD,EURUSD,B,D,5,Expert-DAG,IV-2SLS,Causal,0.004972,0.003694,348005.1227,-0.016
EUR/USD,EURUSD,B,D,21,Expert-DAG,CausalImpact,Causal,0.005044,0.003736,425055.8657,-0.0429
EUR/USD,EURUSD,B,D,21,Expert-DAG,DML,Causal,0.005292,0.00398,1964087.7891,-0.1467
EUR/USD,EURUSD,B,D,21,Expert-DAG,VAR+Granger,Causal,0.004933,0.00367,58274.1809,-0.0016
EUR/USD,EURUSD,B,D,21,Expert-DAG,IV-2SLS,Causal,0.004957,0.003682,174614.4215,-0.0071
EUR/USD,EURUSD,B,D,1,PC-DAG,CausalImpact,Causal,0.005071,0.003797,1239709.1634,-0.0581
EUR/USD,EURUSD,B,D,1,PC-DAG,DML,Causal,0.004926,0.003689,544776.4153,0.0027
EUR/USD,EURUSD,B,D,1,PC-DAG,VAR+Granger,Causal,0.005638,0.003983,851462.2373,-0.3086
EUR/USD,EURUSD,B,D,1,PC-DAG,IV-2SLS,Causal,0.004692,0.003496,225765.1653,0.0944
EUR/USD,EURUSD,B,D,5,PC-DAG,CausalImpact,Causal,0.0051,0.003718,470685.4806,-0.0687
EUR/USD,EURUSD,B,D,5,PC-DAG,DML,Causal,0.005396,0.003975,1008107.2716,-0.1967
EUR/USD,EURUSD,B,D,5,PC-DAG,VAR+Granger,Causal,0.004936,0.003674,51846.2604,-0.0031
EUR/USD,EURUSD,B,D,5,PC-DAG,IV-2SLS,Causal,0.004972,0.003694,348005.1227,-0.016
EUR/USD,EURUSD,B,D,21,PC-DAG,CausalImpact,Causal,0.005014,0.003724,296985.5899,-0.0305
EUR/USD,EURUSD,B,D,21,PC-DAG,DML,Causal,0.005396,0.004065,2449706.8154,-0.1924
EUR/USD,EURUSD,B,D,21,PC-DAG,VAR+Granger,Causal,0.004932,0.00367,49530.9597,-0.0011
EUR/USD,EURUSD,B,D,21,PC-DAG,IV-2SLS,Causal,0.004957,0.003682,174614.4215,-0.0071
GBP/USD,GBPUSD,B,D,1,Heuristic-Z,CausalImpact,Causal,0.006127,0.004755,263562.3657,-0.0979
GBP/USD,GBPUSD,B,D,1,Heuristic-Z,DML,Causal,0.014546,0.006628,331717.274,-5.1891
GBP/USD,GBPUSD,B,D,1,Heuristic-Z,VAR+Granger,Causal,0.005979,0.004645,222737.0942,-0.0447
GBP/USD,GBPUSD,B,D,1,Heuristic-Z,IV-2SLS,Causal,0.005543,0.004268,178117.2053,0.1013
GBP/USD,GBPUSD,B,D,5,Heuristic-Z,CausalImpact,Causal,0.005956,0.004606,1015583.9468,-0.0377
GBP/USD,GBPUSD,B,D,5,Heuristic-Z,DML,Causal,0.006163,0.004747,285219.9044,-0.1111
GBP/USD,GBPUSD,B,D,5,Heuristic-Z,VAR+Granger,Causal,0.005853,0.004519,32804.2628,-0.0013
GBP/USD,GBPUSD,B,D,5,Heuristic-Z,IV-2SLS,Causal,0.00613,0.004684,296952.6674,-0.0993
GBP/USD,GBPUSD,B,D,21,Heuristic-Z,CausalImpact,Causal,0.005942,0.004578,156484.843,-0.0301
GBP/USD,GBPUSD,B,D,21,Heuristic-Z,DML,Causal,0.006278,0.004854,2141975.1907,-0.1494
GBP/USD,GBPUSD,B,D,21,Heuristic-Z,VAR+Granger,Causal,0.005854,0.004519,33204.2474,-0.0013
GBP/USD,GBPUSD,B,D,21,Heuristic-Z,IV-2SLS,Causal,0.005966,0.004592,171359.33,-0.0384
GBP/USD,GBPUSD,B,D,1,Expert-DAG,CausalImpact,Causal,0.00604,0.004672,1008866.4076,-0.0669
GBP/USD,GBPUSD,B,D,1,Expert-DAG,DML,Causal,0.006092,0.004642,437911.9564,-0.0856
GBP/USD,GBPUSD,B,D,1,Expert-DAG,VAR+Granger,Causal,0.006784,0.004905,667581.1355,-0.345
GBP/USD,GBPUSD,B,D,1,Expert-DAG,IV-2SLS,Causal,0.005543,0.004268,178117.2053,0.1013
GBP/USD,GBPUSD,B,D,5,Expert-DAG,CausalImpact,Causal,0.005941,0.004596,1895458.5581,-0.0325
GBP/USD,GBPUSD,B,D,5,Expert-DAG,DML,Causal,0.006365,0.004798,1288878.2216,-0.185
GBP/USD,GBPUSD,B,D,5,Expert-DAG,VAR+Granger,Causal,0.005858,0.004552,137649.028,-0.0028
GBP/USD,GBPUSD,B,D,5,Expert-DAG,IV-2SLS,Causal,0.00613,0.004684,296952.6674,-0.0993
GBP/USD,GBPUSD,B,D,21,Expert-DAG,CausalImpact,Causal,0.005982,0.004618,739526.1417,-0.0442
GBP/USD,GBPUSD,B,D,21,Expert-DAG,DML,Causal,0.006345,0.004926,1887117.0339,-0.1741
GBP/USD,GBPUSD,B,D,21,Expert-DAG,VAR+Granger,Causal,0.005854,0.00452,30601.6019,-0.0015
GBP/USD,GBPUSD,B,D,21,Expert-DAG,IV-2SLS,Causal,0.005966,0.004592,171359.33,-0.0384
GBP/USD,GBPUSD,B,D,1,PC-DAG,CausalImpact,Causal,0.006092,0.004672,940777.3004,-0.0853
GBP/USD,GBPUSD,B,D,1,PC-DAG,DML,Causal,0.005975,0.004532,709167.3048,-0.0442
GBP/USD,GBPUSD,B,D,1,PC-DAG,VAR+Granger,Causal,0.006287,0.004595,465217.9618,-0.1551
GBP/USD,GBPUSD,B,D,1,PC-DAG,IV-2SLS,Causal,0.005543,0.004268,178117.2053,0.1013
GBP/USD,GBPUSD,B,D,5,PC-DAG,CausalImpact,Causal,0.005918,0.004584,935771.9769,-0.0245
GBP/USD,GBPUSD,B,D,5,PC-DAG,DML,Causal,0.006453,0.004884,2192303.5263,-0.218
GBP/USD,GBPUSD,B,D,5,PC-DAG,VAR+Granger,Causal,0.00586,0.004525,34127.2889,-0.0035
GBP/USD,GBPUSD,B,D,5,PC-DAG,IV-2SLS,Causal,0.00613,0.004684,296952.6674,-0.0993
GBP/USD,GBPUSD,B,D,21,PC-DAG,CausalImpact,Causal,0.006008,0.004646,476919.8494,-0.053
GBP/USD,GBPUSD,B,D,21,PC-DAG,DML,Causal,0.006597,0.005135,1899699.6021,-0.2693
GBP/USD,GBPUSD,B,D,21,PC-DAG,VAR+Granger,Causal,0.005854,0.004519,33369.4393,-0.0013
GBP/USD,GBPUSD,B,D,21,PC-DAG,IV-2SLS,Causal,0.005966,0.004592,171359.33,-0.0384
USD/JPY,USDJPY,B,D,1,Heuristic-Z,CausalImpact,Causal,0.914362,0.685799,47962425.737,-0.0222
USD/JPY,USDJPY,B,D,1,Heuristic-Z,DML,Causal,0.868747,0.631749,286693849.9854,0.0783
USD/JPY,USDJPY,B,D,1,Heuristic-Z,VAR+Granger,Causal,0.844391,0.616856,244443547.499,0.1273
USD/JPY,USDJPY,B,D,1,Heuristic-Z,IV-2SLS,Causal,0.777073,0.576504,104207840.2947,0.2617
USD/JPY,USDJPY,B,D,5,Heuristic-Z,CausalImpact,Causal,0.914705,0.682255,61420885.2891,-0.0218
USD/JPY,USDJPY,B,D,5,Heuristic-Z,DML,Causal,0.929101,0.693478,215272115.1393,-0.0542
USD/JPY,USDJPY,B,D,5,Heuristic-Z,VAR+Granger,Causal,0.897504,0.669855,20451704.0632,0.014
USD/JPY,USDJPY,B,D,5,Heuristic-Z,IV-2SLS,Causal,0.907023,0.677956,56464838.8545,-0.0047
USD/JPY,USDJPY,B,D,21,Heuristic-Z,CausalImpact,Causal,0.906293,0.674732,41716042.725,-0.003
USD/JPY,USDJPY,B,D,21,Heuristic-Z,DML,Causal,0.930687,0.69021,98862067.9892,-0.0567
USD/JPY,USDJPY,B,D,21,Heuristic-Z,VAR+Granger,Causal,0.904196,0.673866,6108715.6315,-0.0007
USD/JPY,USDJPY,B,D,21,Heuristic-Z,IV-2SLS,Causal,0.909221,0.676007,15686979.7807,-0.0095
USD/JPY,USDJPY,B,D,1,Expert-DAG,CausalImpact,Causal,0.908443,0.679466,97676919.9115,-0.009
USD/JPY,USDJPY,B,D,1,Expert-DAG,DML,Causal,0.728588,0.535998,153140879.5234,0.3517
USD/JPY,USDJPY,B,D,1,Expert-DAG,VAR+Granger,Causal,0.840031,0.616486,158208278.2963,0.1362
USD/JPY,USDJPY,B,D,1,Expert-DAG,IV-2SLS,Causal,0.777073,0.576504,104207840.2947,0.2617
USD/JPY,USDJPY,B,D,5,Expert-DAG,CausalImpact,Causal,0.916539,0.682782,113644253.7102,-0.0259
USD/JPY,USDJPY,B,D,5,Expert-DAG,DML,Causal,0.922728,0.689148,92543177.0843,-0.0398
USD/JPY,USDJPY,B,D,5,Expert-DAG,VAR+Granger,Causal,0.889777,0.665238,43018195.1672,0.0309
USD/JPY,USDJPY,B,D,5,Expert-DAG,IV-2SLS,Causal,0.907023,0.677956,56464838.8545,-0.0047
USD/JPY,USDJPY,B,D,21,Expert-DAG,CausalImpact,Causal,0.909543,0.67708,58936432.461,-0.0102
USD/JPY,USDJPY,B,D,21,Expert-DAG,DML,Causal,0.930839,0.6908,108099241.0594,-0.057
USD/JPY,USDJPY,B,D,21,Expert-DAG,VAR+Granger,Causal,0.90427,0.673978,6482863.7343,-0.0009
USD/JPY,USDJPY,B,D,21,Expert-DAG,IV-2SLS,Causal,0.909221,0.676007,15686979.7807,-0.0095
USD/JPY,USDJPY,B,D,1,PC-DAG,CausalImpact,Causal,0.907003,0.679564,125017064.5681,-0.0058
USD/JPY,USDJPY,B,D,1,PC-DAG,DML,Causal,0.711317,0.522963,87068742.0721,0.3821
USD/JPY,USDJPY,B,D,1,PC-DAG,VAR+Granger,Causal,0.701025,0.516518,126999038.8495,0.3985
USD/JPY,USDJPY,B,D,1,PC-DAG,IV-2SLS,Causal,0.777073,0.576504,104207840.2947,0.2617
USD/JPY,USDJPY,B,D,5,PC-DAG,CausalImpact,Causal,0.924871,0.689289,121518269.077,-0.0446
USD/JPY,USDJPY,B,D,5,PC-DAG,DML,Causal,0.945147,0.703822,85872081.3302,-0.0909
USD/JPY,USDJPY,B,D,5,PC-DAG,VAR+Granger,Causal,0.880754,0.657351,15899172.2381,0.0505
USD/JPY,USDJPY,B,D,5,PC-DAG,IV-2SLS,Causal,0.907023,0.677956,56464838.8545,-0.0047
USD/JPY,USDJPY,B,D,21,PC-DAG,CausalImpact,Causal,0.915525,0.685505,44098432.4566,-0.0235
USD/JPY,USDJPY,B,D,21,PC-DAG,DML,Causal,0.934165,0.697175,57605536.6391,-0.0646
USD/JPY,USDJPY,B,D,21,PC-DAG,VAR+Granger,Causal,0.904263,0.673976,6501987.0195,-0.0009
USD/JPY,USDJPY,B,D,21,PC-DAG,IV-2SLS,Causal,0.909221,0.676007,15686979.7807,-0.0095
CPI,CPI,C,ME,1,Heuristic-Z,CausalImpact,Causal,0.546333,0.461644,5473105207.3376,-0.7905
CPI,CPI,C,ME,1,Heuristic-Z,DML,Causal,0.733063,0.613605,4519758894.8928,-2.2236
CPI,CPI,C,ME,1,Heuristic-Z,VAR+Granger,Causal,0.530608,0.463785,6092161121.0179,-0.7038
CPI,CPI,C,ME,1,Heuristic-Z,IV-2SLS,Causal,0.587006,0.456418,9605130278.4387,-1.067
CPI,CPI,C,ME,3,Heuristic-Z,CausalImpact,Causal,0.499324,0.396265,4968030637.7383,-0.4956
CPI,CPI,C,ME,3,Heuristic-Z,DML,Causal,0.842962,0.671991,3588095472.6689,-3.1713
CPI,CPI,C,ME,3,Heuristic-Z,VAR+Granger,Causal,0.429007,0.328923,3949300700.2698,-0.1138
CPI,CPI,C,ME,3,Heuristic-Z,IV-2SLS,Causal,0.575474,0.490907,5110225797.4021,-0.9866
CPI,CPI,C,ME,6,Heuristic-Z,CausalImpact,Causal,0.488467,0.370466,5688315742.9446,-0.4006
CPI,CPI,C,ME,6,Heuristic-Z,DML,Causal,0.885863,0.664299,7534109521.0447,-3.6066
CPI,CPI,C,ME,6,Heuristic-Z,VAR+Granger,Causal,0.439885,0.347606,4017306399.0369,-0.171
CPI,CPI,C,ME,6,Heuristic-Z,IV-2SLS,Causal,0.590911,0.47734,5993617236.6516,-1.0497
CPI,CPI,C,ME,1,Expert-DAG,CausalImpact,Causal,0.518613,0.420882,5159821190.7713,-0.6134
CPI,CPI,C,ME,1,Expert-DAG,DML,Causal,0.619408,0.501241,7102620209.9708,-1.3015
CPI,CPI,C,ME,1,Expert-DAG,VAR+Granger,Causal,0.621179,0.490461,7967090573.4414,-1.3351
CPI,CPI,C,ME,1,Expert-DAG,IV-2SLS,Causal,0.587006,0.456418,9605130278.4387,-1.067
CPI,CPI,C,ME,3,Expert-DAG,CausalImpact,Causal,0.508303,0.40226,3385401839.894,-0.5499
CPI,CPI,C,ME,3,Expert-DAG,DML,Causal,0.561749,0.434138,4707389733.1333,-0.8524
CPI,CPI,C,ME,3,Expert-DAG,VAR+Granger,Causal,0.615532,0.52851,6020722230.9941,-1.2929
CPI,CPI,C,ME,3,Expert-DAG,IV-2SLS,Causal,0.575474,0.490907,5110225797.4021,-0.9866
CPI,CPI,C,ME,6,Expert-DAG,CausalImpact,Causal,0.500974,0.407549,3784079187.311,-0.4733
CPI,CPI,C,ME,6,Expert-DAG,DML,Causal,0.701127,0.526612,3541221724.0791,-1.8857
CPI,CPI,C,ME,6,Expert-DAG,VAR+Granger,Causal,0.534993,0.424755,4801431856.7577,-0.7321
CPI,CPI,C,ME,6,Expert-DAG,IV-2SLS,Causal,0.590911,0.47734,5993617236.6516,-1.0497
CPI,CPI,C,ME,1,PC-DAG,CausalImpact,Causal,0.515828,0.433943,4756559372.083,-0.5961
CPI,CPI,C,ME,1,PC-DAG,DML,Causal,0.644444,0.516422,7313894994.3754,-1.4913
CPI,CPI,C,ME,1,PC-DAG,VAR+Granger,Causal,0.51627,0.414291,8227511664.6597,-0.613
CPI,CPI,C,ME,1,PC-DAG,IV-2SLS,Causal,0.587006,0.456418,9605130278.4387,-1.067
CPI,CPI,C,ME,3,PC-DAG,CausalImpact,Causal,0.463649,0.362846,4830901212.2858,-0.2895
CPI,CPI,C,ME,3,PC-DAG,DML,Causal,0.539345,0.439226,6370050681.1561,-0.7076
CPI,CPI,C,ME,3,PC-DAG,VAR+Granger,Causal,0.465152,0.364908,5005049555.4514,-0.3094
CPI,CPI,C,ME,3,PC-DAG,IV-2SLS,Causal,0.575474,0.490907,5110225797.4021,-0.9866
CPI,CPI,C,ME,6,PC-DAG,CausalImpact,Causal,0.493398,0.4055,4492079401.31,-0.429
CPI,CPI,C,ME,6,PC-DAG,DML,Causal,0.558538,0.437756,5127016161.8018,-0.8313
CPI,CPI,C,ME,6,PC-DAG,VAR+Granger,Causal,0.464263,0.377437,4519484473.7141,-0.3044
CPI,CPI,C,ME,6,PC-DAG,IV-2SLS,Causal,0.590911,0.47734,5993617236.6516,-1.0497
IndProd,IndProd,C,ME,1,Heuristic-Z,CausalImpact,Causal,1.676515,1.083183,1.0714,-2.8143
IndProd,IndProd,C,ME,1,Heuristic-Z,DML,Causal,1.026795,0.804612,0.7969,-0.4307
IndProd,IndProd,C,ME,1,Heuristic-Z,VAR+Granger,Causal,0.97782,0.744306,0.7388,-0.3274
IndProd,IndProd,C,ME,1,Heuristic-Z,IV-2SLS,Causal,0.913322,0.728845,0.7215,-0.132
IndProd,IndProd,C,ME,3,Heuristic-Z,CausalImpact,Causal,2.100851,1.618409,1.5973,-4.9894
IndProd,IndProd,C,ME,3,Heuristic-Z,DML,Causal,3.682498,3.068777,3.0313,-16.8922
IndProd,IndProd,C,ME,3,Heuristic-Z,VAR+Granger,Causal,1.618194,1.269907,1.2576,-2.6353
IndProd,IndProd,C,ME,3,Heuristic-Z,IV-2SLS,Causal,1.104412,0.927445,0.9175,-0.6552
IndProd,IndProd,C,ME,6,Heuristic-Z,CausalImpact,Causal,3.22936,1.882725,1.8563,-12.7598
IndProd,IndProd,C,ME,6,Heuristic-Z,DML,Causal,3.236705,1.908801,1.8851,-12.8224
IndProd,IndProd,C,ME,6,Heuristic-Z,VAR+Granger,Causal,2.543289,1.999794,1.982,-7.9798
IndProd,IndProd,C,ME,6,Heuristic-Z,IV-2SLS,Causal,1.352652,1.153416,1.1406,-1.4141
IndProd,IndProd,C,ME,1,Expert-DAG,CausalImpact,Causal,1.575593,0.926681,0.9145,-2.3689
IndProd,IndProd,C,ME,1,Expert-DAG,DML,Causal,0.878868,0.671355,0.6642,-0.0482
IndProd,IndProd,C,ME,1,Expert-DAG,VAR+Granger,Causal,1.050642,0.802825,0.798,-0.5324
IndProd,IndProd,C,ME,1,Expert-DAG,IV-2SLS,Causal,0.913322,0.728845,0.7215,-0.132
IndProd,IndProd,C,ME,3,Expert-DAG,CausalImpact,Causal,1.700965,1.293734,1.2788,-2.9263
IndProd,IndProd,C,ME,3,Expert-DAG,DML,Causal,2.875353,1.814873,1.7892,-9.9084
IndProd,IndProd,C,ME,3,Expert-DAG,VAR+Granger,Causal,1.768284,1.459503,1.4452,-3.3409
IndProd,IndProd,C,ME,3,Expert-DAG,IV-2SLS,Causal,1.104412,0.927445,0.9175,-0.6552
IndProd,IndProd,C,ME,6,Expert-DAG,CausalImpact,Causal,2.67999,1.611989,1.5919,-8.4764
IndProd,IndProd,C,ME,6,Expert-DAG,DML,Causal,3.270646,1.951008,1.9279,-13.1138
IndProd,IndProd,C,ME,6,Expert-DAG,VAR+Granger,Causal,1.87246,1.465181,1.4493,-3.8674
IndProd,IndProd,C,ME,6,Expert-DAG,IV-2SLS,Causal,1.352652,1.153416,1.1406,-1.4141
IndProd,IndProd,C,ME,1,PC-DAG,CausalImpact,Causal,1.647422,0.885176,0.8735,-2.683
IndProd,IndProd,C,ME,1,PC-DAG,DML,Causal,0.744986,0.604985,0.5996,0.2468
IndProd,IndProd,C,ME,1,PC-DAG,VAR+Granger,Causal,1.067122,0.827881,0.8209,-0.5809
IndProd,IndProd,C,ME,1,PC-DAG,IV-2SLS,Causal,0.913322,0.728845,0.7215,-0.132
IndProd,IndProd,C,ME,3,PC-DAG,CausalImpact,Causal,2.320577,1.497699,1.4756,-6.3078
IndProd,IndProd,C,ME,3,PC-DAG,DML,Causal,3.023859,1.676156,1.648,-11.0643
IndProd,IndProd,C,ME,3,PC-DAG,VAR+Granger,Causal,1.579333,1.316659,1.3045,-2.4628
IndProd,IndProd,C,ME,3,PC-DAG,IV-2SLS,Causal,1.104412,0.927445,0.9175,-0.6552
IndProd,IndProd,C,ME,6,PC-DAG,CausalImpact,Causal,2.669061,1.739884,1.7188,-8.3993
IndProd,IndProd,C,ME,6,PC-DAG,DML,Causal,3.651818,2.21558,2.1876,-16.5953
IndProd,IndProd,C,ME,6,PC-DAG,VAR+Granger,Causal,1.810157,1.303893,1.2926,-3.5489
IndProd,IndProd,C,ME,6,PC-DAG,IV-2SLS,Causal,1.352652,1.153416,1.1406,-1.4141
UMCSENT,UMCSENT,C,ME,1,Heuristic-Z,CausalImpact,Causal,4.265424,3.281225,6793713624.147,-0.0188
UMCSENT,UMCSENT,C,ME,1,Heuristic-Z,DML,Causal,4.501961,3.424996,8527606768.7562,-0.135
UMCSENT,UMCSENT,C,ME,1,Heuristic-Z,VAR+Granger,Causal,4.429853,3.614577,18018694105.5549,-0.1233
UMCSENT,UMCSENT,C,ME,1,Heuristic-Z,IV-2SLS,Causal,4.237295,3.180219,1509349084.155,-0.0054
UMCSENT,UMCSENT,C,ME,3,Heuristic-Z,CausalImpact,Causal,4.313146,3.173475,7630653714.3381,-0.0418
UMCSENT,UMCSENT,C,ME,3,Heuristic-Z,DML,Causal,4.566231,3.184918,7169581920.868,-0.1732
UMCSENT,UMCSENT,C,ME,3,Heuristic-Z,VAR+Granger,Causal,4.673167,3.615619,4496302446.5286,-0.2501
UMCSENT,UMCSENT,C,ME,3,Heuristic-Z,IV-2SLS,Causal,4.252018,3.01544,4163460517.3063,-0.0124
UMCSENT,UMCSENT,C,ME,6,Heuristic-Z,CausalImpact,Causal,4.627395,3.472503,3069357124.8213,-0.2049
UMCSENT,UMCSENT,C,ME,6,Heuristic-Z,DML,Causal,4.902437,3.868153,7272047165.2331,-0.3524
UMCSENT,UMCSENT,C,ME,6,Heuristic-Z,VAR+Granger,Causal,4.441288,3.437909,3210024070.3404,-0.1291
UMCSENT,UMCSENT,C,ME,6,Heuristic-Z,IV-2SLS,Causal,4.111472,3.03899,3540973689.4579,0.0488
UMCSENT,UMCSENT,C,ME,1,Expert-DAG,CausalImpact,Causal,4.025381,3.069562,7493318322.4343,0.0926
UMCSENT,UMCSENT,C,ME,1,Expert-DAG,DML,Causal,3.905971,3.120328,12137634272.1792,0.1456
UMCSENT,UMCSENT,C,ME,1,Expert-DAG,VAR+Granger,Causal,4.132788,3.215447,3927009220.5627,0.0223
UMCSENT,UMCSENT,C,ME,1,Expert-DAG,IV-2SLS,Causal,4.237295,3.180219,1509349084.155,-0.0054
UMCSENT,UMCSENT,C,ME,3,Expert-DAG,CausalImpact,Causal,4.187837,3.058616,15716767121.0173,0.0179
UMCSENT,UMCSENT,C,ME,3,Expert-DAG,DML,Causal,4.557505,3.461657,11099593856.2194,-0.1687
UMCSENT,UMCSENT,C,ME,3,Expert-DAG,VAR+Granger,Causal,4.270402,3.287723,802895332.1216,-0.0439
UMCSENT,UMCSENT,C,ME,3,Expert-DAG,IV-2SLS,Causal,4.252018,3.01544,4163460517.3063,-0.0124
UMCSENT,UMCSENT,C,ME,6,Expert-DAG,CausalImpact,Causal,4.50144,3.346271,17706821798.5578,-0.1402
UMCSENT,UMCSENT,C,ME,6,Expert-DAG,DML,Causal,4.93554,3.635449,14087452689.8393,-0.3707
UMCSENT,UMCSENT,C,ME,6,Expert-DAG,VAR+Granger,Causal,4.198725,3.251896,608749653.4392,-0.0091
UMCSENT,UMCSENT,C,ME,6,Expert-DAG,IV-2SLS,Causal,4.111472,3.03899,3540973689.4579,0.0488
UMCSENT,UMCSENT,C,ME,1,PC-DAG,CausalImpact,Causal,4.007424,3.08882,8026519965.9965,0.1007
UMCSENT,UMCSENT,C,ME,1,PC-DAG,DML,Causal,4.232696,2.948301,2397989052.0367,-0.0033
UMCSENT,UMCSENT,C,ME,1,PC-DAG,VAR+Granger,Causal,4.132788,3.215447,3927009220.5627,0.0223
UMCSENT,UMCSENT,C,ME,1,PC-DAG,IV-2SLS,Causal,4.237295,3.180219,1509349084.155,-0.0054
UMCSENT,UMCSENT,C,ME,3,PC-DAG,CausalImpact,Causal,4.201191,3.043317,15695182757.8771,0.0116
UMCSENT,UMCSENT,C,ME,3,PC-DAG,DML,Causal,4.426995,3.012592,8422457202.5095,-0.1028
UMCSENT,UMCSENT,C,ME,3,PC-DAG,VAR+Granger,Causal,4.270402,3.287723,802895332.1216,-0.0439
UMCSENT,UMCSENT,C,ME,3,PC-DAG,IV-2SLS,Causal,4.252018,3.01544,4163460517.3063,-0.0124
UMCSENT,UMCSENT,C,ME,6,PC-DAG,CausalImpact,Causal,4.559119,3.394202,14640631624.3965,-0.1696
UMCSENT,UMCSENT,C,ME,6,PC-DAG,DML,Causal,4.892058,3.739395,18272694528.9792,-0.3466
UMCSENT,UMCSENT,C,ME,6,PC-DAG,VAR+Granger,Causal,4.198725,3.251896,608749653.4392,-0.0091
UMCSENT,UMCSENT,C,ME,6,PC-DAG,IV-2SLS,Causal,4.111472,3.03899,3540973689.4579,0.0488
Bitcoin,BTC,D,D,1,Heuristic-Z,CausalImpact,Causal,2158.511967,1558.845391,174.7072,-0.0246
Bitcoin,BTC,D,D,1,Heuristic-Z,DML,Causal,2239.182506,1622.494851,228.0666,-0.1002
Bitcoin,BTC,D,D,1,Heuristic-Z,VAR+Granger,Causal,2168.36997,1553.464807,155.4504,-0.034
Bitcoin,BTC,D,D,1,Heuristic-Z,IV-2SLS,Causal,2148.539479,1546.770259,122.6739,-0.0152
Bitcoin,BTC,D,D,5,Heuristic-Z,CausalImpact,Causal,2160.209526,1554.66356,155.5888,-0.024
Bitcoin,BTC,D,D,5,Heuristic-Z,DML,Causal,2262.547422,1654.701407,200.5591,-0.1212
Bitcoin,BTC,D,D,5,Heuristic-Z,VAR+Granger,Causal,2164.699697,1553.376055,148.9662,-0.0305
Bitcoin,BTC,D,D,5,Heuristic-Z,IV-2SLS,Causal,2153.942959,1552.364615,136.0115,-0.018
Bitcoin,BTC,D,D,21,Heuristic-Z,CausalImpact,Causal,2130.51838,1551.02395,209.0368,0.0085
Bitcoin,BTC,D,D,21,Heuristic-Z,DML,Causal,2195.65864,1643.620048,280.8257,-0.0507
Bitcoin,BTC,D,D,21,Heuristic-Z,VAR+Granger,Causal,2136.929583,1535.257264,116.4291,-0.0042
Bitcoin,BTC,D,D,21,Heuristic-Z,IV-2SLS,Causal,2129.803601,1534.130174,146.6471,0.0092
Bitcoin,BTC,D,D,1,Expert-DAG,CausalImpact,Causal,2168.077276,1560.41025,184.014,-0.0337
Bitcoin,BTC,D,D,1,Expert-DAG,DML,Causal,2229.180309,1628.585696,249.8772,-0.0904
Bitcoin,BTC,D,D,1,Expert-DAG,VAR+Granger,Causal,2151.026701,1545.331679,150.1047,-0.0175
Bitcoin,BTC,D,D,1,Expert-DAG,IV-2SLS,Causal,2148.539479,1546.770259,122.6739,-0.0152
Bitcoin,BTC,D,D,5,Expert-DAG,CausalImpact,Causal,2138.693696,1533.881132,138.7566,-0.0037
Bitcoin,BTC,D,D,5,Expert-DAG,DML,Causal,2204.202048,1601.857519,195.3392,-0.0641
Bitcoin,BTC,D,D,5,Expert-DAG,VAR+Granger,Causal,2159.873374,1553.227254,141.9673,-0.0259
Bitcoin,BTC,D,D,5,Expert-DAG,IV-2SLS,Causal,2153.942959,1552.364615,136.0115,-0.018
Bitcoin,BTC,D,D,21,Expert-DAG,CausalImpact,Causal,2173.336545,1591.645777,207.9404,-0.0317
Bitcoin,BTC,D,D,21,Expert-DAG,DML,Causal,2176.33677,1611.107078,305.6843,-0.0323
Bitcoin,BTC,D,D,21,Expert-DAG,VAR+Granger,Causal,2136.8588,1535.267061,116.4769,-0.0042
Bitcoin,BTC,D,D,21,Expert-DAG,IV-2SLS,Causal,2129.803601,1534.130174,146.6471,0.0092
Bitcoin,BTC,D,D,1,PC-DAG,CausalImpact,Causal,2158.219019,1561.138348,150.2812,-0.0243
Bitcoin,BTC,D,D,1,PC-DAG,DML,Causal,2228.979129,1620.662083,196.5259,-0.0902
Bitcoin,BTC,D,D,1,PC-DAG,VAR+Granger,Causal,2151.026701,1545.331679,150.1047,-0.0175
Bitcoin,BTC,D,D,1,PC-DAG,IV-2SLS,Causal,2148.539479,1546.770259,122.6739,-0.0152
Bitcoin,BTC,D,D,5,PC-DAG,CausalImpact,Causal,2152.085512,1549.745768,148.4528,-0.0163
Bitcoin,BTC,D,D,5,PC-DAG,DML,Causal,2215.423353,1613.784368,219.3276,-0.075
Bitcoin,BTC,D,D,5,PC-DAG,VAR+Granger,Causal,2159.873374,1553.227254,141.9673,-0.0259
Bitcoin,BTC,D,D,5,PC-DAG,IV-2SLS,Causal,2153.942959,1552.364615,136.0115,-0.018
Bitcoin,BTC,D,D,21,PC-DAG,CausalImpact,Causal,2140.922796,1561.104174,192.1841,-0.0012
Bitcoin,BTC,D,D,21,PC-DAG,DML,Causal,2203.783925,1628.752567,287.0163,-0.0585
Bitcoin,BTC,D,D,21,PC-DAG,VAR+Granger,Causal,2136.8588,1535.267061,116.4769,-0.0042
Bitcoin,BTC,D,D,21,PC-DAG,IV-2SLS,Causal,2129.803601,1534.130174,146.6471,0.0092
Ethereum,ETH,D,D,1,Heuristic-Z,CausalImpact,Causal,118.788484,80.751582,723.3068,-0.0797
Ethereum,ETH,D,D,1,Heuristic-Z,DML,Causal,121.497983,84.527385,3118.6265,-0.1288
Ethereum,ETH,D,D,1,Heuristic-Z,VAR+Granger,Causal,116.777085,81.657276,3013.8199,-0.0434
Ethereum,ETH,D,D,1,Heuristic-Z,IV-2SLS,Causal,114.840417,78.816099,131.8126,-0.0091
Ethereum,ETH,D,D,5,Heuristic-Z,CausalImpact,Causal,117.655441,80.891797,489.3107,-0.0585
Ethereum,ETH,D,D,5,Heuristic-Z,DML,Causal,123.426533,85.213491,884.8435,-0.1623
Ethereum,ETH,D,D,5,Heuristic-Z,VAR+Granger,Causal,115.645807,78.998541,420.2838,-0.0233
Ethereum,ETH,D,D,5,Heuristic-Z,IV-2SLS,Causal,115.083119,79.210904,478.7569,-0.0127
Ethereum,ETH,D,D,21,Heuristic-Z,CausalImpact,Causal,115.936001,79.782401,1559.9519,-0.0219
Ethereum,ETH,D,D,21,Heuristic-Z,DML,Causal,120.714486,83.990694,3114.4838,-0.1059
Ethereum,ETH,D,D,21,Heuristic-Z,VAR+Granger,Causal,114.407665,78.326655,287.0027,-0.0015
Ethereum,ETH,D,D,21,Heuristic-Z,IV-2SLS,Causal,114.403664,78.517947,154.9993,0.0049
Ethereum,ETH,D,D,1,Expert-DAG,CausalImpact,Causal,117.836973,80.431212,477.9875,-0.0625
Ethereum,ETH,D,D,1,Expert-DAG,DML,Causal,121.074947,84.289923,961.7743,-0.1209
Ethereum,ETH,D,D,1,Expert-DAG,VAR+Granger,Causal,115.366974,79.884191,1647.5974,-0.0184
Ethereum,ETH,D,D,1,Expert-DAG,IV-2SLS,Causal,114.840417,78.816099,131.8126,-0.0091
Ethereum,ETH,D,D,5,Expert-DAG,CausalImpact,Causal,116.364841,80.007492,1341.0904,-0.0354
Ethereum,ETH,D,D,5,Expert-DAG,DML,Causal,128.870826,89.28767,3255.5985,-0.2671
Ethereum,ETH,D,D,5,Expert-DAG,VAR+Granger,Causal,115.008719,78.870886,697.3147,-0.0121
Ethereum,ETH,D,D,5,Expert-DAG,IV-2SLS,Causal,115.083119,79.210904,478.7569,-0.0127
Ethereum,ETH,D,D,21,Expert-DAG,CausalImpact,Causal,117.126596,80.249648,2213.2291,-0.043
Ethereum,ETH,D,D,21,Expert-DAG,DML,Causal,120.854992,84.612538,3778.5679,-0.1085
Ethereum,ETH,D,D,21,Expert-DAG,VAR+Granger,Causal,114.406478,78.325543,286.5743,-0.0015
Ethereum,ETH,D,D,21,Expert-DAG,IV-2SLS,Causal,114.403664,78.517947,154.9993,0.0049
Ethereum,ETH,D,D,1,PC-DAG,CausalImpact,Causal,118.926275,80.782136,342.4254,-0.0822
Ethereum,ETH,D,D,1,PC-DAG,DML,Causal,123.058101,85.589873,572.1312,-0.158
Ethereum,ETH,D,D,1,PC-DAG,VAR+Granger,Causal,115.366974,79.884191,1647.5974,-0.0184
Ethereum,ETH,D,D,1,PC-DAG,IV-2SLS,Causal,114.840417,78.816099,131.8126,-0.0091
Ethereum,ETH,D,D,5,PC-DAG,CausalImpact,Causal,115.878211,80.537881,1218.2201,-0.0268
Ethereum,ETH,D,D,5,PC-DAG,DML,Causal,125.674397,84.910586,1088.692,-0.2051
Ethereum,ETH,D,D,5,PC-DAG,VAR+Granger,Causal,115.008719,78.870886,697.3147,-0.0121
Ethereum,ETH,D,D,5,PC-DAG,IV-2SLS,Causal,115.083119,79.210904,478.7569,-0.0127
Ethereum,ETH,D,D,21,PC-DAG,CausalImpact,Causal,116.120903,79.259383,2630.3531,-0.0252
Ethereum,ETH,D,D,21,PC-DAG,DML,Causal,119.856957,84.216908,2956.3696,-0.0903
Ethereum,ETH,D,D,21,PC-DAG,VAR+Granger,Causal,114.406478,78.325543,286.5743,-0.0015
Ethereum,ETH,D,D,21,PC-DAG,IV-2SLS,Causal,114.403664,78.517947,154.9993,0.0049
WTI Oil,WTI_oil,A,D,1,Baseline (no Z),ARIMA,Baseline,1.917074,1.280733,156455688.6146,-0.035
WTI Oil,WTI_oil,A,D,1,Baseline (no Z),Prophet,Baseline,1.64603,1.15563,1.5652,0.9681
WTI Oil,WTI_oil,A,D,1,Baseline (no Z),RandomForest,Baseline,1.902724,1.288935,43010432.9957,-0.0168
WTI Oil,WTI_oil,A,D,1,Baseline (no Z),LSTM,Baseline,3.275041,2.564246,3.4461,0.8738
WTI Oil,WTI_oil,A,D,5,Baseline (no Z),ARIMA,Baseline,1.917689,1.280685,156646488.1253,-0.0351
WTI Oil,WTI_oil,A,D,5,Baseline (no Z),Prophet,Baseline,1.64603,1.15563,1.5652,0.9681
WTI Oil,WTI_oil,A,D,5,Baseline (no Z),RandomForest,Baseline,1.880781,1.266786,62056114.6451,0.0066
WTI Oil,WTI_oil,A,D,5,Baseline (no Z),LSTM,Baseline,4.534085,3.580986,4.9272,0.7586
WTI Oil,WTI_oil,A,D,21,Baseline (no Z),ARIMA,Baseline,1.921834,1.284012,157414362.6602,-0.0353
WTI Oil,WTI_oil,A,D,21,Baseline (no Z),Prophet,Baseline,1.64603,1.15563,1.5652,0.9681
WTI Oil,WTI_oil,A,D,21,Baseline (no Z),RandomForest,Baseline,1.895452,1.255188,59312525.842,-0.0055
WTI Oil,WTI_oil,A,D,21,Baseline (no Z),LSTM,Baseline,11.660904,9.359304,13.895,-0.5779
Nat.Gas,NatGas,A,D,1,Baseline (no Z),ARIMA,Baseline,0.41237,0.284123,9.509,0.6964
Nat.Gas,NatGas,A,D,1,Baseline (no Z),Prophet,Baseline,14.50154,11.842777,421.5612,-374.4857
Nat.Gas,NatGas,A,D,1,Baseline (no Z),RandomForest,Baseline,0.320291,0.194156,6.3555,0.8172
Nat.Gas,NatGas,A,D,1,Baseline (no Z),LSTM,Baseline,0.696854,0.557336,18.3286,0.1329
Nat.Gas,NatGas,A,D,5,Baseline (no Z),ARIMA,Baseline,0.409769,0.282779,9.4711,0.7004
Nat.Gas,NatGas,A,D,5,Baseline (no Z),Prophet,Baseline,14.50154,11.842777,421.5612,-374.4857
Nat.Gas,NatGas,A,D,5,Baseline (no Z),RandomForest,Baseline,0.456484,0.295602,9.7656,0.6286
Nat.Gas,NatGas,A,D,5,Baseline (no Z),LSTM,Baseline,0.67128,0.515843,17.9363,0.1977
Nat.Gas,NatGas,A,D,21,Baseline (no Z),ARIMA,Baseline,0.403764,0.278883,9.359,0.7101
Nat.Gas,NatGas,A,D,21,Baseline (no Z),Prophet,Baseline,14.50154,11.842777,421.5612,-374.4857
Nat.Gas,NatGas,A,D,21,Baseline (no Z),RandomForest,Baseline,0.707112,0.519069,17.9176,0.1122
Nat.Gas,NatGas,A,D,21,Baseline (no Z),LSTM,Baseline,2.631714,2.466621,87.7727,-11.1525
Gold,Gold,A,D,1,Baseline (no Z),ARIMA,Baseline,48.663975,27.114381,538978519.0243,-0.0649
Gold,Gold,A,D,1,Baseline (no Z),Prophet,Baseline,3028.86546,2071.594575,75.4095,-9.6366
Gold,Gold,A,D,1,Baseline (no Z),RandomForest,Baseline,47.479136,26.893012,827237680.2413,-0.0103
Gold,Gold,A,D,1,Baseline (no Z),LSTM,Baseline,1033.156477,797.057826,24.5142,-0.2376
Gold,Gold,A,D,5,Baseline (no Z),ARIMA,Baseline,48.689203,27.124497,539635809.8009,-0.0649
Gold,Gold,A,D,5,Baseline (no Z),Prophet,Baseline,3028.86546,2071.594575,75.4095,-9.6366
Gold,Gold,A,D,5,Baseline (no Z),RandomForest,Baseline,47.540716,26.945165,1204205543.6873,-0.0129
Gold,Gold,A,D,5,Baseline (no Z),LSTM,Baseline,1236.604469,922.358828,27.5446,-0.7723
Gold,Gold,A,D,21,Baseline (no Z),ARIMA,Baseline,48.801912,27.207895,542281082.6362,-0.0649
Gold,Gold,A,D,21,Baseline (no Z),Prophet,Baseline,3028.86546,2071.594575,75.4095,-9.6366
Gold,Gold,A,D,21,Baseline (no Z),RandomForest,Baseline,47.615476,27.009833,135519483.9373,-0.0113
Gold,Gold,A,D,21,Baseline (no Z),LSTM,Baseline,1115.18736,880.526563,27.1638,-0.4402
EUR/USD,EURUSD,B,D,1,Baseline (no Z),ARIMA,Baseline,0.004929,0.003673,99.4018,-0.0003
EUR/USD,EURUSD,B,D,1,Baseline (no Z),Prophet,Baseline,1.418227,0.81556,73.9208,-1127.7928
EUR/USD,EURUSD,B,D,1,Baseline (no Z),RandomForest,Baseline,0.003393,0.002296,738527.0191,0.5269
EUR/USD,EURUSD,B,D,1,Baseline (no Z),LSTM,Baseline,0.015786,0.014122,1.2715,0.8601
EUR/USD,EURUSD,B,D,5,Baseline (no Z),ARIMA,Baseline,0.004931,0.003673,99.4011,-0.0003
EUR/USD,EURUSD,B,D,5,Baseline (no Z),Prophet,Baseline,1.418227,0.81556,73.9208,-1127.7928
EUR/USD,EURUSD,B,D,5,Baseline (no Z),RandomForest,Baseline,0.004929,0.003665,214612.7537,0.0024
EUR/USD,EURUSD,B,D,5,Baseline (no Z),LSTM,Baseline,0.026914,0.024049,2.1604,0.5936
EUR/USD,EURUSD,B,D,21,Baseline (no Z),ARIMA,Baseline,0.00494,0.003681,99.3982,-0.0002
EUR/USD,EURUSD,B,D,21,Baseline (no Z),Prophet,Baseline,1.418227,0.81556,73.9208,-1127.7928
EUR/USD,EURUSD,B,D,21,Baseline (no Z),RandomForest,Baseline,0.004946,0.003692,84321.9095,-0.0016
EUR/USD,EURUSD,B,D,21,Baseline (no Z),LSTM,Baseline,0.037583,0.031229,2.7801,0.2169
GBP/USD,GBPUSD,B,D,1,Baseline (no Z),ARIMA,Baseline,0.005851,0.004516,99.641,-0.0004
GBP/USD,GBPUSD,B,D,1,Baseline (no Z),Prophet,Baseline,,,,
GBP/USD,GBPUSD,B,D,1,Baseline (no Z),RandomForest,Baseline,0.004471,0.003377,663176.9478,0.4154
GBP/USD,GBPUSD,B,D,1,Baseline (no Z),LSTM,Baseline,0.050149,0.046268,3.5626,-0.2363
GBP/USD,GBPUSD,B,D,5,Baseline (no Z),ARIMA,Baseline,0.005848,0.004512,99.6406,-0.0003
GBP/USD,GBPUSD,B,D,5,Baseline (no Z),Prophet,Baseline,,,,
GBP/USD,GBPUSD,B,D,5,Baseline (no Z),RandomForest,Baseline,0.005873,0.004519,54475.8071,-0.0085
GBP/USD,GBPUSD,B,D,5,Baseline (no Z),LSTM,Baseline,0.059581,0.054671,4.2044,-0.7634
GBP/USD,GBPUSD,B,D,21,Baseline (no Z),ARIMA,Baseline,0.005855,0.004516,99.6389,-0.0003
GBP/USD,GBPUSD,B,D,21,Baseline (no Z),Prophet,Baseline,,,,
GBP/USD,GBPUSD,B,D,21,Baseline (no Z),RandomForest,Baseline,0.0059,0.004546,113489.4327,-0.0155
GBP/USD,GBPUSD,B,D,21,Baseline (no Z),LSTM,Baseline,0.057801,0.049413,3.7877,-0.6894
USD/JPY,USDJPY,B,D,1,Baseline (no Z),ARIMA,Baseline,0.904634,0.674925,99.4019,-0.0017
USD/JPY,USDJPY,B,D,1,Baseline (no Z),Prophet,Baseline,,,,
USD/JPY,USDJPY,B,D,1,Baseline (no Z),RandomForest,Baseline,0.830464,0.616112,161596012.1283,0.1578
USD/JPY,USDJPY,B,D,1,Baseline (no Z),LSTM,Baseline,26.406256,23.63141,15.6864,-11.3286
USD/JPY,USDJPY,B,D,5,Baseline (no Z),ARIMA,Baseline,0.905174,0.675685,99.4012,-0.0017
USD/JPY,USDJPY,B,D,5,Baseline (no Z),Prophet,Baseline,,,,
USD/JPY,USDJPY,B,D,5,Baseline (no Z),RandomForest,Baseline,0.915053,0.687174,73017382.242,-0.0214
USD/JPY,USDJPY,B,D,5,Baseline (no Z),LSTM,Baseline,29.737817,26.522604,17.5961,-14.9332
USD/JPY,USDJPY,B,D,21,Baseline (no Z),ARIMA,Baseline,0.905619,0.675744,99.3983,-0.0015
USD/JPY,USDJPY,B,D,21,Baseline (no Z),Prophet,Baseline,,,,
USD/JPY,USDJPY,B,D,21,Baseline (no Z),RandomForest,Baseline,0.914377,0.681563,98901579.7405,-0.02
USD/JPY,USDJPY,B,D,21,Baseline (no Z),LSTM,Baseline,17.824548,14.606908,9.693,-5.3338
CPI,CPI,C,ME,1,Baseline (no Z),ARIMA,Baseline,0.404415,0.337135,4955784882.7508,0.0102
CPI,CPI,C,ME,1,Baseline (no Z),Prophet,Baseline,2.796686,2.417415,0.7572,0.8846
CPI,CPI,C,ME,1,Baseline (no Z),RandomForest,Baseline,0.482944,0.408282,4239583967.9074,-0.3691
CPI,CPI,C,ME,1,Baseline (no Z),LSTM,Baseline,5.13907,4.87876,1.5349,0.5358
CPI,CPI,C,ME,3,Baseline (no Z),ARIMA,Baseline,0.409516,0.34279,5106818978.3199,-0.006
CPI,CPI,C,ME,3,Baseline (no Z),Prophet,Baseline,2.796686,2.417415,0.7572,0.8846
CPI,CPI,C,ME,3,Baseline (no Z),RandomForest,Baseline,0.468374,0.385612,3334144283.2864,-0.251
CPI,CPI,C,ME,3,Baseline (no Z),LSTM,Baseline,13.51537,13.204675,4.1578,-2.6479
CPI,CPI,C,ME,6,Baseline (no Z),ARIMA,Baseline,0.409712,0.34302,5087944157.2008,-0.007
CPI,CPI,C,ME,6,Baseline (no Z),Prophet,Baseline,2.796686,2.417415,0.7572,0.8846
CPI,CPI,C,ME,6,Baseline (no Z),RandomForest,Baseline,0.401339,0.326673,4791299148.6245,0.0815
CPI,CPI,C,ME,6,Baseline (no Z),LSTM,Baseline,11.126293,10.989189,3.4495,-2.0689
IndProd,IndProd,C,ME,1,Baseline (no Z),ARIMA,Baseline,0.627251,0.511515,0.5074,0.4538
IndProd,IndProd,C,ME,1,Baseline (no Z),Prophet,Baseline,,,,
IndProd,IndProd,C,ME,1,Baseline (no Z),RandomForest,Baseline,0.763764,0.631258,0.6247,0.2303
IndProd,IndProd,C,ME,1,Baseline (no Z),LSTM,Baseline,0.826774,0.686454,0.6795,0.051
IndProd,IndProd,C,ME,3,Baseline (no Z),ARIMA,Baseline,0.633436,0.521005,0.5168,0.4555
IndProd,IndProd,C,ME,3,Baseline (no Z),Prophet,Baseline,,,,
IndProd,IndProd,C,ME,3,Baseline (no Z),RandomForest,Baseline,1.195002,0.944308,0.934,-0.8741
IndProd,IndProd,C,ME,3,Baseline (no Z),LSTM,Baseline,1.405602,1.102398,1.0865,-1.6068
IndProd,IndProd,C,ME,6,Baseline (no Z),ARIMA,Baseline,0.630983,0.522528,0.5183,0.4597
IndProd,IndProd,C,ME,6,Baseline (no Z),Prophet,Baseline,,,,
IndProd,IndProd,C,ME,6,Baseline (no Z),RandomForest,Baseline,1.011627,0.74778,0.7416,-0.3431
IndProd,IndProd,C,ME,6,Baseline (no Z),LSTM,Baseline,1.363117,1.12933,1.1138,-1.2957
UMCSENT,UMCSENT,C,ME,1,Baseline (no Z),ARIMA,Baseline,4.182202,3.232432,91.8919,-0.0012
UMCSENT,UMCSENT,C,ME,1,Baseline (no Z),Prophet,Baseline,,,,
UMCSENT,UMCSENT,C,ME,1,Baseline (no Z),RandomForest,Baseline,4.112621,3.062103,2020877514.9412,0.0483
UMCSENT,UMCSENT,C,ME,1,Baseline (no Z),LSTM,Baseline,6.875719,5.530847,8.531,0.2737
UMCSENT,UMCSENT,C,ME,3,Baseline (no Z),ARIMA,Baseline,4.230412,3.275,91.6667,-0.0022
UMCSENT,UMCSENT,C,ME,3,Baseline (no Z),Prophet,Baseline,,,,
UMCSENT,UMCSENT,C,ME,3,Baseline (no Z),RandomForest,Baseline,3.988866,2.970945,3587495589.5607,0.0884
UMCSENT,UMCSENT,C,ME,3,Baseline (no Z),LSTM,Baseline,7.714683,6.491765,9.9746,0.1245
UMCSENT,UMCSENT,C,ME,6,Baseline (no Z),ARIMA,Baseline,4.230412,3.275,91.6667,-0.0022
UMCSENT,UMCSENT,C,ME,6,Baseline (no Z),Prophet,Baseline,,,,
UMCSENT,UMCSENT,C,ME,6,Baseline (no Z),RandomForest,Baseline,4.114924,3.123511,3703759889.5395,0.0299
UMCSENT,UMCSENT,C,ME,6,Baseline (no Z),LSTM,Baseline,7.83691,6.714244,10.7529,0.1457
Bitcoin,BTC,D,D,1,Baseline (no Z),ARIMA,Baseline,2135.585438,1535.133643,122.9042,-0.003
Bitcoin,BTC,D,D,1,Baseline (no Z),Prophet,Baseline,,,,
Bitcoin,BTC,D,D,1,Baseline (no Z),RandomForest,Baseline,2152.670873,1547.830265,136.8062,-0.0149
Bitcoin,BTC,D,D,1,Baseline (no Z),LSTM,Baseline,9447.608943,8209.910324,9.2018,0.6418
Bitcoin,BTC,D,D,5,Baseline (no Z),ARIMA,Baseline,2138.069942,1538.348278,122.9843,-0.0031
Bitcoin,BTC,D,D,5,Baseline (no Z),Prophet,Baseline,,,,
Bitcoin,BTC,D,D,5,Baseline (no Z),RandomForest,Baseline,2149.681907,1548.355983,174.301,-0.0121
Bitcoin,BTC,D,D,5,Baseline (no Z),LSTM,Baseline,15107.192787,12352.770694,13.9698,0.0902
Bitcoin,BTC,D,D,21,Baseline (no Z),ARIMA,Baseline,2142.495915,1541.737086,122.7191,-0.0027
Bitcoin,BTC,D,D,21,Baseline (no Z),Prophet,Baseline,,,,
Bitcoin,BTC,D,D,21,Baseline (no Z),RandomForest,Baseline,2145.116149,1550.41824,150.1781,-0.0008
Bitcoin,BTC,D,D,21,Baseline (no Z),LSTM,Baseline,15776.947776,13134.897055,14.2483,0.0414
Ethereum,ETH,D,D,1,Baseline (no Z),ARIMA,Baseline,114.605548,78.359525,538.5164,-0.005
Ethereum,ETH,D,D,1,Baseline (no Z),Prophet,Baseline,,,,
Ethereum,ETH,D,D,1,Baseline (no Z),RandomForest,Baseline,115.926074,79.027459,690.5029,-0.0254
Ethereum,ETH,D,D,1,Baseline (no Z),LSTM,Baseline,875.47987,846.266686,32.9079,-0.0248
Ethereum,ETH,D,D,5,Baseline (no Z),ARIMA,Baseline,114.656546,78.33351,539.4813,-0.0053
Ethereum,ETH,D,D,5,Baseline (no Z),Prophet,Baseline,,,,
Ethereum,ETH,D,D,5,Baseline (no Z),RandomForest,Baseline,115.921742,79.203493,1033.3313,-0.0253
Ethereum,ETH,D,D,5,Baseline (no Z),LSTM,Baseline,744.740561,676.487416,28.2633,0.2637
Ethereum,ETH,D,D,21,Baseline (no Z),ARIMA,Baseline,114.983091,78.628971,542.5539,-0.0052
Ethereum,ETH,D,D,21,Baseline (no Z),Prophet,Baseline,,,,
Ethereum,ETH,D,D,21,Baseline (no Z),RandomForest,Baseline,114.499638,78.542815,3332.8488,0.0056
Ethereum,ETH,D,D,21,Baseline (no Z),LSTM,Baseline,866.110672,760.389036,32.5943,0.0381
